TRUNCATE audit_logs, tenant_invitations, tenant_memberships, tenants, users RESTART IDENTITY CASCADE;

INSERT INTO users (id, email, display_name) VALUES
  ('10000000-0000-0000-0000-000000000001', 'owner@t150.test', 'T150 Owner'),
  ('10000000-0000-0000-0000-000000000002', 'admin@t150.test', 'T150 Admin'),
  ('10000000-0000-0000-0000-000000000003', 'manager@t150.test', 'T150 Manager'),
  ('10000000-0000-0000-0000-000000000004', 'member@t150.test', 'T150 Member'),
  ('10000000-0000-0000-0000-000000000005', 'foreign@t150.test', 'Foreign Member'),
  ('10000000-0000-0000-0000-000000000006', 'platform@t150.test', 'Platform Admin');

UPDATE users SET platform_role = 'super_admin' WHERE id = '10000000-0000-0000-0000-000000000006';

INSERT INTO tenants (id, name, slug) VALUES
  ('20000000-0000-0000-0000-000000000001', 'T150 Alpha', 't150-alpha'),
  ('20000000-0000-0000-0000-000000000002', 'T150 Beta', 't150-beta');

INSERT INTO tenant_memberships (id, tenant_id, user_id, role) VALUES
  ('30000000-0000-0000-0000-000000000001', '20000000-0000-0000-0000-000000000001', '10000000-0000-0000-0000-000000000001', 'owner'),
  ('30000000-0000-0000-0000-000000000002', '20000000-0000-0000-0000-000000000001', '10000000-0000-0000-0000-000000000002', 'admin'),
  ('30000000-0000-0000-0000-000000000003', '20000000-0000-0000-0000-000000000001', '10000000-0000-0000-0000-000000000003', 'manager'),
  ('30000000-0000-0000-0000-000000000004', '20000000-0000-0000-0000-000000000001', '10000000-0000-0000-0000-000000000004', 'agent'),
  ('30000000-0000-0000-0000-000000000005', '20000000-0000-0000-0000-000000000002', '10000000-0000-0000-0000-000000000005', 'manager'),
  ('30000000-0000-0000-0000-000000000006', '20000000-0000-0000-0000-000000000002', '10000000-0000-0000-0000-000000000001', 'owner'),
  ('30000000-0000-0000-0000-000000000007', '20000000-0000-0000-0000-000000000002', '10000000-0000-0000-0000-000000000004', 'manager');
